ProductID,ProductName,Category,Price,Rating,NumReviews,StockQuantity,Discount,Sales,DateAdded
1,Headphones,Electronics,400.31,1.7,3772,20,0.08,466,08-11-2023
2,Headphones,Electronics,235.03,2.3,2919,663,0.33,1332,26-09-2023
3,Smartwatch,Electronics,417.9,1.8,1184,459,0.31,252,18-10-2023
4,Smartphone,Electronics,152.7,3.4,2047,475,0.49,1806,03-12-2023
5,Laptop,Electronics,394.74,1.8,1267,831,0.23,1508,08-08-2023
6,Headphones,Electronics,93.56,1.3,2435,600,0.48,241,19-09-2023
7,Laptop,Electronics,57.86,3.7,1478,427,0.25,1966,06-05-2024
8,Laptop,Electronics,201.62,1.7,3073,389,0.1,1795,05-08-2023
9,Smartphone,Electronics,485.1,4.1,161,201,0.45,269,25-06-2023
10,Smartwatch,Electronics,170,3.3,1275,701,0.16,719,17-10-2023
11,Laptop,Electronics,274.45,3.3,4859,187,0.27,1064,05-01-2024
12,Headphones,Electronics,90.98,1.1,2568,343,0.2,647,08-04-2024
13,Headphones,Electronics,107.43,3.8,4514,288,0.3,1513,23-10-2023
14,Laptop,Electronics,66.78,4.5,4875,929,0.05,502,09-04-2024
15,Smartwatch,Electronics,336.3,3.4,2773,986,0.28,1762,01-03-2024
16,Headphones,Electronics,359.49,4,502,766,0.13,794,16-11-2023
17,Headphones,Electronics,64.34,2.8,863,742,0.24,1020,06-03-2024
18,Smartwatch,Electronics,454.71,2,1678,170,0.1,524,02-01-2024
19,Headphones,Electronics,151.98,1.6,2625,681,0.4,1976,28-01-2024
20,Smartwatch,Electronics,403.8,1.7,1981,330,0.16,1371,23-10-2023
21,Laptop,Electronics,63.93,1.9,4029,632,0.41,1768,25-09-2023
22,Headphones,Electronics,90.68,3.1,4413,676,0.35,1257,21-12-2023
23,Smartwatch,Electronics,472.03,2.3,1495,232,0.2,1853,19-04-2024
24,Smartwatch,Electronics,133.37,3,1636,624,0.5,698,18-02-2024
25,Laptop,Electronics,256.31,1.2,3474,637,0.07,1707,05-11-2023
26,Smartwatch,Electronics,280.92,3.4,3510,202,0.18,400,29-09-2023
27,Laptop,Electronics,190.21,3.5,197,981,0.27,751,18-01-2024
28,Smartphone,Electronics,83.85,3,2511,348,0.43,763,30-06-2023
29,Headphones,Electronics,406.66,2.4,1734,819,0.47,1959,03-02-2024
30,Headphones,Electronics,469,1.6,4061,297,0.13,1787,18-01-2024
31,Laptop,Electronics,491.26,3.1,4976,1,0.5,253,22-01-2024
32,Smartphone,Electronics,451.2,3.5,2056,232,0.17,815,15-11-2023
33,Headphones,Electronics,429.6,2.6,1696,919,0.43,1648,27-02-2024
34,Smartwatch,Electronics,294.54,2.5,98,152,0,1919,08-07-2023
35,Laptop,Electronics,349.03,3.6,4067,160,0.01,397,07-09-2023
36,Smartwatch,Electronics,375.78,3.6,1218,400,0.15,687,19-05-2024
37,Laptop,Electronics,299.04,4.9,562,437,0.45,26,28-10-2023
38,Smartphone,Electronics,256.29,3.3,959,480,0.1,1852,11-08-2023
39,Headphones,Electronics,290.28,4.1,16,171,0.47,476,25-04-2024
40,Smartphone,Electronics,442.91,4,1060,279,0.17,301,12-12-2023
41,Jacket,Clothing,482.17,4.4,190,252,0.19,1184,28-09-2023
42,Jacket,Clothing,93.05,3.2,569,322,0.29,1815,17-02-2024
43,Sweater,Clothing,338.86,2.4,154,489,0.44,784,27-02-2024
44,T-Shirt,Clothing,76.94,3.8,2806,537,0.41,920,28-05-2024
45,Sweater,Clothing,260.56,3,4780,19,0.32,511,20-01-2024
46,Sweater,Clothing,444.44,1.1,4929,799,0.29,853,20-04-2024
47,T-Shirt,Clothing,85.97,4.9,1715,681,0.41,1077,01-03-2024
48,T-Shirt,Clothing,415.66,2.1,4,102,0.04,876,26-06-2023
49,Jacket,Clothing,352.76,1.6,4364,369,0.26,1693,15-01-2024
50,T-Shirt,Clothing,205.42,2.7,1369,740,0.09,1853,05-09-2023
51,Jacket,Clothing,351.03,2.6,1081,633,0.08,801,06-03-2024
52,Jeans,Clothing,56,1.7,4992,271,0.26,703,02-04-2024
53,Jeans,Clothing,367.72,1.2,4249,655,0.08,1109,08-12-2023
54,T-Shirt,Clothing,66.88,1.2,2141,749,0.49,452,19-11-2023
55,Sweater,Clothing,57.94,3,4646,611,0.09,1757,19-06-2023
56,Jacket,Clothing,33.55,4.8,2849,179,0.19,761,15-01-2024
57,Jeans,Clothing,255.51,3.2,4611,15,0.04,1782,26-09-2023
58,T-Shirt,Clothing,434.93,3.5,851,663,0.34,1698,08-05-2024
59,T-Shirt,Clothing,407.49,4.3,3913,42,0.1,396,29-05-2024
60,Jacket,Clothing,194.86,1.2,753,34,0.17,89,20-09-2023
61,T-Shirt,Clothing,423.99,1.1,417,114,0.14,1219,01-08-2023
62,T-Shirt,Clothing,180.68,4.7,728,276,0.48,675,19-06-2023
63,T-Shirt,Clothing,288.57,3.3,1122,547,0.19,95,10-01-2024
64,Jacket,Clothing,466.07,4.4,3440,694,0.38,216,21-06-2023
65,T-Shirt,Clothing,195.09,3.1,595,879,0.19,396,06-12-2023
66,Jacket,Clothing,200.71,1,4171,264,0.16,717,31-10-2023
67,Sweater,Clothing,246.44,3,143,884,0.05,395,16-05-2024
68,Sweater,Clothing,339.53,4,3222,143,0.39,108,12-12-2023
69,Jeans,Clothing,487.38,5,4729,132,0.37,732,19-10-2023
70,Jacket,Clothing,67.36,1.6,953,491,0.43,1253,03-06-2024
71,Jeans,Clothing,353.47,1.3,2993,794,0.35,1540,12-05-2024
72,T-Shirt,Clothing,124.28,3.3,1388,832,0.44,1680,19-07-2023
73,T-Shirt,Clothing,300.03,2.4,3486,786,0.39,1205,26-12-2023
74,Jacket,Clothing,131.87,2.3,3522,172,0.01,1243,05-02-2024
75,Jeans,Clothing,373.08,4.1,894,360,0.37,386,28-06-2023
76,Jeans,Clothing,206.11,2.9,823,928,0.11,133,13-04-2024
77,Sweater,Clothing,489.17,3.2,4910,148,0.02,1236,20-11-2023
78,Sweater,Clothing,46.16,3.2,3512,401,0.08,1328,27-05-2024
79,Jacket,Clothing,232.73,3.5,3330,655,0.37,970,29-05-2024
80,Jeans,Clothing,475.7,4.6,3019,407,0.31,1031,09-02-2024
81,Coffee Maker,Home & Kitchen,326.96,2.6,539,731,0.18,739,01-12-2023
82,Microwave,Home & Kitchen,352.1,3.1,2508,731,0.14,908,25-04-2024
83,Microwave,Home & Kitchen,413.04,4.8,255,708,0.31,449,31-05-2024
84,Coffee Maker,Home & Kitchen,439.56,3.2,1015,800,0.39,145,30-10-2023
85,Microwave,Home & Kitchen,83.7,3.4,4158,216,0.48,794,16-12-2023
86,Blender,Home & Kitchen,41.12,1.1,510,384,0.01,822,04-06-2024
87,Coffee Maker,Home & Kitchen,408.32,5,1460,22,0.38,676,21-11-2023
88,Toaster,Home & Kitchen,195.15,2,2048,50,0.14,1795,27-08-2023
89,Toaster,Home & Kitchen,185.5,1.5,249,673,0.24,770,09-08-2023
90,Coffee Maker,Home & Kitchen,410.03,4.9,3037,733,0.4,400,19-02-2024
91,Microwave,Home & Kitchen,24.1,4,3981,577,0.4,102,01-12-2023
92,Coffee Maker,Home & Kitchen,490.43,3.4,1358,858,0.05,1331,05-10-2023
93,Toaster,Home & Kitchen,230.95,4.6,4637,758,0.26,80,29-01-2024
94,Blender,Home & Kitchen,82.07,4.7,2832,507,0.03,68,07-05-2024
95,Toaster,Home & Kitchen,251.38,2.3,3818,42,0.12,1906,20-02-2024
96,Blender,Home & Kitchen,235.46,3.3,3445,911,0.32,359,09-12-2023
97,Blender,Home & Kitchen,449.43,2.9,4188,671,0.09,633,20-04-2024
98,Microwave,Home & Kitchen,412.68,2.4,4777,828,0.02,837,09-06-2024
99,Blender,Home & Kitchen,235.78,1.8,2593,944,0.25,1836,29-03-2024
100,Toaster,Home & Kitchen,401.71,3.5,2286,55,0.44,830,23-04-2024
101,Blender,Home & Kitchen,11.27,4.5,2055,624,0.3,1715,16-11-2023
102,Microwave,Home & Kitchen,191.53,2.9,4569,27,0.18,1239,08-01-2024
103,Toaster,Home & Kitchen,82.39,1.5,1646,918,0.26,1774,10-09-2023
104,Toaster,Home & Kitchen,183.53,2.6,4580,27,0.01,1976,11-09-2023
105,Microwave,Home & Kitchen,53.71,3.1,4632,144,0.17,24,03-04-2024
106,Toaster,Home & Kitchen,396.69,3,2158,227,0.27,33,20-02-2024
107,Coffee Maker,Home & Kitchen,297.4,3.3,2472,612,0.18,1305,26-07-2023
108,Toaster,Home & Kitchen,129.73,3,3812,376,0.12,661,07-09-2023
109,Toaster,Home & Kitchen,189.02,3,3421,842,0.04,349,07-03-2024
110,Coffee Maker,Home & Kitchen,449.42,1.3,242,542,0.21,547,31-10-2023
111,Toaster,Home & Kitchen,204.95,4.9,3,846,0.41,880,08-03-2024
112,Coffee Maker,Home & Kitchen,364.22,4.3,4289,846,0.27,1049,20-12-2023
113,Coffee Maker,Home & Kitchen,110.49,4.9,1810,723,0.25,112,22-01-2024
114,Microwave,Home & Kitchen,356.54,4.1,1573,804,0.25,1534,20-06-2023
115,Blender,Home & Kitchen,270.97,1.2,4785,9,0.27,1673,21-12-2023
116,Toaster,Home & Kitchen,167.95,4.2,320,318,0.34,784,19-09-2023
117,Microwave,Home & Kitchen,241.85,3.4,3490,605,0.05,1604,28-07-2023
118,Coffee Maker,Home & Kitchen,482.86,1.5,375,458,0.47,587,06-05-2024
119,Blender,Home & Kitchen,373.15,3.3,3850,872,0.38,1851,29-08-2023
120,Microwave,Home & Kitchen,90.49,4.3,77,409,0.45,600,17-10-2023
121,Biography,Books,202.3,4.3,1318,615,0.19,1714,06-02-2024
122,Biography,Books,274.49,2.8,992,664,0.18,1006,06-08-2023
123,Fantasy Book,Books,122.22,3.2,197,645,0.17,1202,29-04-2024
124,Fantasy Book,Books,91.7,4.5,2035,477,0.45,419,05-01-2024
125,Biography,Books,378.68,3.8,950,288,0.02,597,24-07-2023
126,Biography,Books,252.05,4,2853,908,0.06,227,07-11-2023
127,Fantasy Book,Books,204.67,4.2,3228,46,0.2,1708,01-02-2024
128,Science Book,Books,324.16,3.8,793,810,0.3,1683,30-05-2024
129,Biography,Books,455.14,3.3,4807,22,0.23,301,13-06-2023
130,Fantasy Book,Books,456.81,1.6,3281,984,0.13,1639,30-07-2023
131,Science Book,Books,466.74,3.3,2935,804,0.35,1129,10-03-2024
132,Science Book,Books,307.29,2.7,3533,295,0.42,778,27-09-2023
133,Biography,Books,125.59,1.7,1205,982,0.46,1854,16-04-2024
134,Science Book,Books,299.72,2.6,1332,136,0.1,312,14-02-2024
135,Biography,Books,173.41,2.6,536,601,0.46,385,13-11-2023
136,Science Book,Books,371.38,2.8,954,875,0.46,1205,10-01-2024
137,Novel,Books,254.2,2.7,4380,62,0.14,665,06-01-2024
138,Biography,Books,335.13,1.7,3432,688,0.28,341,08-04-2024
139,Novel,Books,100.39,2.2,1759,140,0.2,434,12-11-2023
140,Biography,Books,110.52,1.8,4524,476,0.24,1447,22-05-2024
141,Biography,Books,154.08,3.9,3057,193,0.27,1136,17-02-2024
142,Biography,Books,284.22,1.6,3335,924,0.04,1666,27-08-2023
143,Biography,Books,142.66,3.6,3451,992,0.01,1499,27-08-2023
144,Biography,Books,434.83,2.6,4408,758,0.13,442,29-09-2023
145,Novel,Books,301.57,2.4,3300,578,0.44,1627,20-09-2023
146,Biography,Books,404.6,5,1311,119,0.4,1935,28-12-2023
147,Biography,Books,110.44,2.2,943,977,0.01,774,01-01-2024
148,Science Book,Books,425.58,1.5,914,547,0.32,81,08-06-2024
149,Novel,Books,410.55,2.4,4841,385,0.18,1142,21-05-2024
150,Novel,Books,179.14,4.1,3577,853,0.39,592,21-11-2023
151,Biography,Books,248.84,4.6,4223,735,0.21,1138,14-11-2023
152,Biography,Books,373.43,3.8,1304,358,0.11,1301,19-10-2023
153,Biography,Books,492.36,3.1,3180,609,0.14,74,20-07-2023
154,Biography,Books,269.53,4.3,40,933,0.03,1700,09-01-2024
155,Biography,Books,416.57,1.8,341,980,0.13,1310,28-01-2024
156,Science Book,Books,302.73,3.4,454,905,0.46,921,03-12-2023
157,Biography,Books,216.8,2.4,1386,704,0.04,1315,02-09-2023
158,Novel,Books,200.75,2.2,1136,186,0.15,1250,05-08-2023
159,Biography,Books,204.36,4.8,4501,68,0.24,1785,05-05-2024
160,Science Book,Books,138.51,3.4,3920,957,0.48,481,22-11-2023
161,Board Game,Toys & Games,242.38,2.4,2343,16,0.21,60,27-02-2024
162,Board Game,Toys & Games,235.24,1.3,3569,228,0,1458,29-02-2024
163,Board Game,Toys & Games,60.52,2.3,4090,816,0.07,329,14-04-2024
164,Puzzle,Toys & Games,265.44,1.3,3663,215,0.38,660,21-03-2024
165,Puzzle,Toys & Games,364.81,3.5,3726,570,0.49,1900,15-05-2024
166,Puzzle,Toys & Games,31.64,3.4,400,918,0.28,1109,04-10-2023
167,Puzzle,Toys & Games,26.63,3.8,4232,882,0.46,1521,31-07-2023
168,Puzzle,Toys & Games,399.72,4,2419,934,0.23,1466,28-02-2024
169,Action Figure,Toys & Games,328.58,2.5,2667,187,0.24,130,22-08-2023
170,Puzzle,Toys & Games,176.54,3.9,4459,38,0.16,496,06-06-2024
171,Action Figure,Toys & Games,334.21,4,4111,492,0.31,893,04-08-2023
172,Puzzle,Toys & Games,436.35,1.1,4854,780,0.26,1439,06-03-2024
173,Puzzle,Toys & Games,44.31,1,4124,957,0.04,317,09-10-2023
174,Toy Car,Toys & Games,317.48,4.5,1262,376,0.38,920,17-06-2023
175,Toy Car,Toys & Games,371.42,2,2050,428,0.18,1693,22-07-2023
176,Board Game,Toys & Games,124.47,1.2,704,948,0.49,584,10-08-2023
177,Action Figure,Toys & Games,343.03,1.9,2041,804,0.39,938,25-11-2023
178,Puzzle,Toys & Games,440.77,4.8,10,61,0.31,1176,24-11-2023
179,Toy Car,Toys & Games,41.84,2.6,884,242,0.26,1353,24-02-2024
180,Board Game,Toys & Games,198.2,1.1,2553,258,0.41,1540,23-09-2023
181,Board Game,Toys & Games,484.86,4.5,3170,19,0.5,1596,15-12-2023
182,Board Game,Toys & Games,351.05,1.6,4255,738,0.11,1143,13-03-2024
183,Action Figure,Toys & Games,448.51,4.4,1290,616,0.2,634,12-05-2024
184,Action Figure,Toys & Games,31.74,4.4,4265,520,0.16,1560,23-09-2023
185,Puzzle,Toys & Games,52.62,2.6,974,37,0.13,1924,17-12-2023
186,Board Game,Toys & Games,270.98,4.8,1711,972,0.45,972,21-03-2024
187,Board Game,Toys & Games,252.62,2.9,2396,114,0.41,1591,01-05-2024
188,Board Game,Toys & Games,276.45,4.5,1312,261,0.26,335,25-12-2023
189,Toy Car,Toys & Games,426.79,4.5,1704,780,0.42,1368,12-12-2023
190,Board Game,Toys & Games,61.86,3.8,4795,6,0.44,556,01-08-2023
191,Action Figure,Toys & Games,24.33,4.3,2719,362,0.11,1574,20-03-2024
192,Toy Car,Toys & Games,282.53,4,1547,294,0.1,1548,25-04-2024
193,Puzzle,Toys & Games,490.78,3.5,4795,447,0.27,674,20-07-2023
194,Puzzle,Toys & Games,382.9,3.2,1247,993,0.17,571,11-07-2023
195,Board Game,Toys & Games,379.31,4.2,1887,483,0.03,730,01-12-2023
196,Action Figure,Toys & Games,387.78,3.8,885,704,0.03,1143,13-11-2023
197,Board Game,Toys & Games,495.17,3.7,4811,675,0.32,947,03-06-2024
198,Action Figure,Toys & Games,20.84,2.3,3999,946,0.13,1561,28-10-2023
199,Action Figure,Toys & Games,472.71,1.4,38,270,0.4,156,27-03-2024
200,Toy Car,Toys & Games,421.57,4.1,3155,21,0.07,1730,09-07-2023
201,Fish Oil,Vitamins and supplements,84.02,2.7,4116,302,0.21,1978,18-03-2024
202,Fish Oil,Vitamins and supplements,382.45,2.8,4665,891,0.36,1185,30-12-2023
203,Protein Powder,Vitamins and supplements,435.38,3.9,1809,270,0.24,1562,30-03-2024
204,Protein Powder,Vitamins and supplements,100.91,4.5,3380,519,0.39,1709,21-04-2024
205,Protein Powder,Vitamins and supplements,18.75,4.2,692,535,0.46,898,25-04-2024
206,Vitamin D,Vitamins and supplements,245.95,1.5,3344,893,0.34,1763,01-06-2024
207,Fish Oil,Vitamins and supplements,120.51,1.6,116,385,0.4,394,07-04-2024
208,Multivitamin,Vitamins and supplements,83.29,2.9,2013,319,0.2,1518,07-03-2024
209,Fish Oil,Vitamins and supplements,152.91,3.8,2043,101,0.45,778,09-11-2023
210,Vitamin D,Vitamins and supplements,61.42,2,2936,45,0.07,591,05-08-2023
211,Fish Oil,Vitamins and supplements,113.07,2.4,935,927,0.47,1888,08-06-2024
212,Multivitamin,Vitamins and supplements,53.05,2.4,917,102,0.07,870,12-03-2024
213,Fish Oil,Vitamins and supplements,349.67,4.3,105,886,0.34,1895,29-07-2023
214,Vitamin D,Vitamins and supplements,449.15,3.4,3144,358,0.31,552,19-11-2023
215,Protein Powder,Vitamins and supplements,474.2,3.5,1107,317,0.31,382,03-06-2024
216,Vitamin D,Vitamins and supplements,448.46,3.2,3385,21,0.23,514,04-02-2024
217,Multivitamin,Vitamins and supplements,90.36,2.8,2134,523,0.08,1324,11-10-2023
218,Fish Oil,Vitamins and supplements,171.22,2.9,4780,903,0.44,308,10-12-2023
219,Protein Powder,Vitamins and supplements,254.12,3.2,661,548,0.5,872,12-04-2024
220,Vitamin D,Vitamins and supplements,49.95,2.6,4540,92,0.21,1230,23-06-2023
221,Vitamin D,Vitamins and supplements,236.69,4.5,158,953,0.37,403,22-08-2023
222,Protein Powder,Vitamins and supplements,370.32,4.1,955,151,0.27,946,06-03-2024
223,Multivitamin,Vitamins and supplements,224.92,3.9,3811,577,0.3,931,22-09-2023
224,Vitamin D,Vitamins and supplements,145.65,3.4,1269,636,0.11,1260,23-05-2024
225,Protein Powder,Vitamins and supplements,419.64,1.9,4889,519,0.2,477,15-03-2024
226,Fish Oil,Vitamins and supplements,126.4,4.9,374,292,0.43,1004,30-04-2024
227,Fish Oil,Vitamins and supplements,57.72,2.6,13,503,0.29,1107,01-02-2024
228,Vitamin D,Vitamins and supplements,90.13,2.6,2040,27,0.13,1252,23-09-2023
229,Vitamin D,Vitamins and supplements,298.32,3.4,4396,918,0.23,1418,31-05-2024
230,Vitamin D,Vitamins and supplements,226.59,2.3,2891,861,0.07,132,08-09-2023
231,Protein Powder,Vitamins and supplements,312.4,3.8,575,885,0.08,1144,24-02-2024
232,Multivitamin,Vitamins and supplements,184.8,3.1,2352,496,0.35,1847,06-01-2024
233,Vitamin D,Vitamins and supplements,435.45,1.8,956,915,0.13,1665,22-08-2023
234,Protein Powder,Vitamins and supplements,35.33,3.6,1058,197,0.09,1082,21-07-2023
235,Multivitamin,Vitamins and supplements,258.55,1.2,4585,275,0.49,1239,03-10-2023
236,Vitamin D,Vitamins and supplements,18.52,2.3,3868,184,0.29,1207,15-12-2023
237,Vitamin D,Vitamins and supplements,336.76,1.6,4403,335,0.47,891,02-06-2024
238,Fish Oil,Vitamins and supplements,102.29,3.9,4612,494,0.09,1825,30-11-2023
239,Vitamin D,Vitamins and supplements,489.53,2.5,3485,113,0.12,1561,26-01-2024
240,Vitamin D,Vitamins and supplements,289.6,1.1,1863,344,0.34,800,09-06-2024
241,Sunscreen,Skin care,471.03,4.3,1327,68,0.29,1981,03-11-2023
242,Cleanser,Skin care,499.71,1.2,3232,680,0.5,780,29-03-2024
243,Moisturizer,Skin care,287.84,4,1347,609,0.2,493,30-01-2024
244,Cleanser,Skin care,224.7,4.6,1000,278,0.22,1354,02-02-2024
245,Toner,Skin care,155.47,3.6,2772,654,0.32,710,19-01-2024
246,Moisturizer,Skin care,196.41,3.2,1440,304,0.27,290,29-02-2024
247,Cleanser,Skin care,297.66,1.7,2889,961,0.23,1026,17-03-2024
248,Cleanser,Skin care,476.22,4.4,1947,628,0.41,664,29-05-2024
249,Moisturizer,Skin care,205.42,3.3,3371,739,0.3,943,03-07-2023
250,Cleanser,Skin care,375.97,3.9,1004,20,0.1,1014,10-07-2023
251,Sunscreen,Skin care,44.93,4.8,714,50,0.03,788,21-01-2024
252,Cleanser,Skin care,105.33,1.7,963,372,0.14,1562,05-01-2024
253,Sunscreen,Skin care,270.81,3.3,105,419,0.36,1,25-03-2024
254,Toner,Skin care,413.36,3.1,1286,350,0.43,1062,03-01-2024
255,Sunscreen,Skin care,154.69,4.2,444,297,0.46,1107,21-09-2023
256,Cleanser,Skin care,279.61,1.2,2938,140,0.3,1141,07-09-2023
257,Cleanser,Skin care,300.83,4.2,9,983,0.21,1660,23-12-2023
258,Toner,Skin care,387.27,3.2,4954,292,0.15,663,22-05-2024
259,Toner,Skin care,217.63,3.7,145,914,0.31,992,12-10-2023
260,Moisturizer,Skin care,92.33,3.9,1249,672,0.11,661,22-08-2023
261,Sunscreen,Skin care,122.82,1.8,1546,649,0.13,1100,30-09-2023
262,Moisturizer,Skin care,494.01,1.5,3729,834,0.22,636,26-12-2023
263,Moisturizer,Skin care,349.29,5,4795,301,0.05,1241,29-02-2024
264,Cleanser,Skin care,453.71,4.1,4131,743,0.32,1699,29-03-2024
265,Toner,Skin care,189.81,2.4,3046,707,0.22,827,01-02-2024
266,Toner,Skin care,402.17,1.9,2823,229,0.3,66,15-08-2023
267,Moisturizer,Skin care,233.86,1.8,2774,171,0.33,1232,24-08-2023
268,Cleanser,Skin care,228.71,2.3,661,811,0.04,452,13-07-2023
269,Moisturizer,Skin care,348.1,1.8,207,617,0.05,632,16-04-2024
270,Toner,Skin care,10.61,2.2,3719,979,0.24,1565,17-10-2023
271,Sunscreen,Skin care,205.66,1.6,1540,979,0.46,363,25-07-2023
272,Moisturizer,Skin care,339.06,1.4,4551,742,0.43,1012,12-09-2023
273,Toner,Skin care,393.19,3.8,3725,803,0.15,113,17-10-2023
274,Cleanser,Skin care,196.65,2.4,2496,842,0.41,1725,08-01-2024
275,Toner,Skin care,437.93,1.6,405,938,0.29,1339,01-03-2024
276,Toner,Skin care,112.17,4.7,4137,677,0.41,1826,04-01-2024
277,Toner,Skin care,270.92,3.9,3138,847,0.11,1549,29-03-2024
278,Sunscreen,Skin care,207.46,1.7,4225,930,0.17,1811,28-09-2023
279,Cleanser,Skin care,413.02,1.5,4259,94,0.24,1133,10-07-2023
280,Cleanser,Skin care,416.37,2.3,2530,936,0.41,1676,14-02-2024
281,Mascara,Makeup,43.4,1.1,536,78,0.48,1979,29-05-2024
282,Blush,Makeup,69.8,3.4,542,845,0.44,988,30-07-2023
283,Lipstick,Makeup,324,1.9,4349,129,0.33,466,28-08-2023
284,Lipstick,Makeup,286.58,1.8,4737,381,0.5,1276,15-04-2024
285,Lipstick,Makeup,492,2,4244,328,0.39,1517,21-09-2023
286,Blush,Makeup,348.89,3.5,1638,551,0.41,1382,07-08-2023
287,Foundation,Makeup,315.71,3.1,3302,689,0.07,1651,02-12-2023
288,Mascara,Makeup,330.5,2.4,2139,981,0.41,1764,16-03-2024
289,Foundation,Makeup,15.41,2.7,2293,741,0.13,649,01-08-2023
290,Blush,Makeup,272.3,1.9,2009,241,0.31,1716,08-07-2023
291,Foundation,Makeup,480.19,3,3042,496,0.27,702,07-08-2023
292,Blush,Makeup,58.06,3,545,563,0.12,593,22-10-2023
293,Lipstick,Makeup,194.19,2.6,3493,553,0.39,396,18-02-2024
294,Foundation,Makeup,60.05,3.6,424,128,0.4,1583,12-05-2024
295,Foundation,Makeup,422.03,1.2,2279,788,0.41,758,25-08-2023
296,Blush,Makeup,448.61,3.5,78,912,0.03,855,20-12-2023
297,Lipstick,Makeup,61.79,5,2148,7,0.02,1528,15-03-2024
298,Lipstick,Makeup,332.93,4.2,2711,16,0.48,276,22-10-2023
299,Mascara,Makeup,236.35,5,4531,398,0.47,498,13-05-2024
300,Lipstick,Makeup,95.31,1.4,2037,351,0.03,137,03-05-2024
301,Lipstick,Makeup,50.26,4.9,1246,647,0.38,920,17-07-2023
302,Mascara,Makeup,337,1,1827,381,0.13,1640,24-12-2023
303,Foundation,Makeup,269.85,1.2,369,777,0.4,651,29-06-2023
304,Blush,Makeup,65.84,2.9,3983,287,0.31,1249,30-05-2024
305,Mascara,Makeup,175.75,4.7,2230,968,0.19,1850,12-07-2023
306,Blush,Makeup,200.44,1.7,4083,413,0.46,1195,27-08-2023
307,Lipstick,Makeup,444.59,3.6,4066,121,0.41,1654,02-05-2024
308,Foundation,Makeup,136.63,3.2,2196,396,0.11,1661,13-08-2023
309,Blush,Makeup,283.33,1.7,1759,202,0.16,661,19-10-2023
310,Foundation,Makeup,469.32,1.2,3537,769,0.07,462,01-09-2023
311,Mascara,Makeup,114.62,3,4183,43,0.37,1706,04-12-2023
312,Foundation,Makeup,259.1,2.2,2066,22,0.34,1830,23-02-2024
313,Lipstick,Makeup,439.8,2.7,361,185,0,128,12-06-2023
314,Foundation,Makeup,441.91,2.1,1855,873,0.33,472,31-05-2024
315,Foundation,Makeup,369.2,3.5,922,65,0.18,1036,16-03-2024
316,Mascara,Makeup,382.89,1.1,2256,973,0.1,1441,21-05-2024
317,Lipstick,Makeup,380.57,4.4,3895,210,0.5,131,20-02-2024
318,Foundation,Makeup,325.25,4.1,1013,226,0.07,1765,05-08-2023
319,Blush,Makeup,97.4,1.1,4283,56,0.19,272,12-02-2024
320,Lipstick,Makeup,245.68,3.6,4431,697,0.28,899,30-09-2023
321,Denim Jacket,Coats and jackets,341.47,4.2,3259,59,0.16,1342,12-11-2023
322,Rain Jacket,Coats and jackets,350.75,4,2974,867,0.26,431,20-12-2023
323,Denim Jacket,Coats and jackets,69.96,3.9,2528,145,0.19,1136,03-10-2023
324,Denim Jacket,Coats and jackets,370.47,5,1019,117,0.32,400,25-11-2023
325,Denim Jacket,Coats and jackets,253.12,1.7,398,709,0.5,123,27-03-2024
326,Leather Jacket,Coats and jackets,290.22,3.4,499,572,0.49,1794,24-02-2024
327,Winter Coat,Coats and jackets,297.05,3.3,2757,848,0.46,562,09-10-2023
328,Leather Jacket,Coats and jackets,137.06,2.7,4676,348,0.23,48,28-03-2024
329,Denim Jacket,Coats and jackets,246.65,1.5,3331,637,0.36,1009,02-02-2024
330,Denim Jacket,Coats and jackets,367.46,4.1,685,827,0.07,1592,10-05-2024
331,Denim Jacket,Coats and jackets,331.91,4.8,1431,875,0.02,1365,03-11-2023
332,Leather Jacket,Coats and jackets,131.02,4.6,631,905,0.14,1205,25-02-2024
333,Winter Coat,Coats and jackets,390.59,1.3,1719,618,0.03,249,13-06-2023
334,Winter Coat,Coats and jackets,179.5,2.3,3141,638,0.12,671,06-10-2023
335,Leather Jacket,Coats and jackets,482.06,3.2,1449,665,0.21,895,20-01-2024
336,Winter Coat,Coats and jackets,252.3,4.9,3652,130,0.36,1956,10-08-2023
337,Leather Jacket,Coats and jackets,161.26,4.8,1931,444,0.06,1201,14-02-2024
338,Denim Jacket,Coats and jackets,214.82,1.4,597,288,0.26,1596,10-04-2024
339,Rain Jacket,Coats and jackets,207.95,3.2,3669,176,0.27,965,25-11-2023
340,Rain Jacket,Coats and jackets,247.5,1.7,1537,21,0.42,1089,16-07-2023
341,Rain Jacket,Coats and jackets,432.37,2.8,3750,85,0.15,1959,21-08-2023
342,Denim Jacket,Coats and jackets,184.43,4.9,2290,830,0.25,31,07-09-2023
343,Denim Jacket,Coats and jackets,276.98,4,4979,213,0.01,743,10-11-2023
344,Leather Jacket,Coats and jackets,441,4.5,3048,679,0.49,1049,05-04-2024
345,Winter Coat,Coats and jackets,56.13,2.4,1067,96,0.2,226,22-09-2023
346,Leather Jacket,Coats and jackets,331.82,4.3,4402,778,0.1,1609,02-06-2024
347,Denim Jacket,Coats and jackets,184.77,4,484,596,0.16,904,24-04-2024
348,Leather Jacket,Coats and jackets,458.39,3.1,4563,453,0.4,774,10-07-2023
349,Leather Jacket,Coats and jackets,187.92,4.6,1898,39,0.25,219,02-02-2024
350,Leather Jacket,Coats and jackets,100.27,4.6,687,618,0.16,989,08-10-2023
351,Leather Jacket,Coats and jackets,442.38,4.2,3958,15,0.49,1132,20-05-2024
352,Rain Jacket,Coats and jackets,320.99,1.7,1125,505,0.21,246,03-02-2024
353,Leather Jacket,Coats and jackets,346.56,1.4,2243,792,0.41,1689,29-01-2024
354,Leather Jacket,Coats and jackets,101.83,4.4,1395,485,0.27,210,11-04-2024
355,Denim Jacket,Coats and jackets,494.15,4.6,1899,456,0.18,1249,31-01-2024
356,Denim Jacket,Coats and jackets,174.25,1.7,3348,155,0.41,189,30-12-2023
357,Denim Jacket,Coats and jackets,453.63,4,4433,313,0.31,278,17-12-2023
358,Denim Jacket,Coats and jackets,182.66,4.4,1674,861,0.49,930,26-08-2023
359,Denim Jacket,Coats and jackets,372.25,1.4,4578,935,0,1070,22-11-2023
360,Denim Jacket,Coats and jackets,121.32,4.3,854,639,0.32,515,12-08-2023
361,Road Bike,Bicycles,186.59,1.3,1336,628,0.2,1677,02-05-2024
362,Mountain Bike,Bicycles,396.34,3.7,2257,114,0.45,1274,04-11-2023
363,Hybrid Bike,Bicycles,92.85,2.6,2597,141,0.43,839,03-12-2023
364,Hybrid Bike,Bicycles,212.25,4.2,595,880,0.02,855,14-09-2023
365,Road Bike,Bicycles,483.46,1.5,4088,82,0.49,898,09-09-2023
366,Mountain Bike,Bicycles,421.34,4.9,3789,62,0.28,1659,10-02-2024
367,Electric Bike,Bicycles,321.19,2.8,1143,933,0.06,675,29-08-2023
368,Mountain Bike,Bicycles,16.08,2.9,4916,738,0.11,333,01-11-2023
369,Mountain Bike,Bicycles,33.59,4.6,4008,631,0.09,694,25-05-2024
370,Mountain Bike,Bicycles,420.69,2.1,2315,34,0.13,493,21-04-2024
371,Mountain Bike,Bicycles,265.51,1.3,1299,868,0.3,1952,22-11-2023
372,Mountain Bike,Bicycles,26,4.5,4577,727,0.48,1031,14-08-2023
373,Hybrid Bike,Bicycles,220.91,2.3,3659,173,0.39,1896,15-01-2024
374,Road Bike,Bicycles,90.76,1.7,1573,787,0.39,178,30-01-2024
375,Hybrid Bike,Bicycles,261.06,1.4,578,853,0.13,1185,29-06-2023
376,Hybrid Bike,Bicycles,492.08,2.1,4005,261,0.45,1745,10-04-2024
377,Electric Bike,Bicycles,306,4.6,3451,361,0.49,92,22-02-2024
378,Mountain Bike,Bicycles,315.03,2.9,1455,748,0.24,1712,21-01-2024
379,Mountain Bike,Bicycles,12.7,1,1213,135,0.02,891,23-06-2023
380,Road Bike,Bicycles,236.8,2.8,703,317,0.2,1845,21-10-2023
381,Mountain Bike,Bicycles,410.17,2.1,855,788,0.17,1958,10-12-2023
382,Mountain Bike,Bicycles,24.54,3.7,1517,658,0.23,126,25-04-2024
383,Mountain Bike,Bicycles,203.34,2.7,3403,583,0.45,1132,16-09-2023
384,Mountain Bike,Bicycles,161.59,4.3,987,249,0.36,1176,29-06-2023
385,Road Bike,Bicycles,35.06,2,726,688,0.3,849,16-01-2024
386,Road Bike,Bicycles,335.99,4.2,419,593,0.05,1774,18-03-2024
387,Mountain Bike,Bicycles,44.79,1.3,2702,40,0.47,958,30-08-2023
388,Mountain Bike,Bicycles,326.76,4.6,1996,265,0.25,562,13-02-2024
389,Mountain Bike,Bicycles,310.16,4.5,3155,453,0.06,1537,09-03-2024
390,Road Bike,Bicycles,416.22,5,4008,267,0.15,1856,04-08-2023
391,Mountain Bike,Bicycles,205.69,4.6,4669,48,0.11,920,05-09-2023
392,Electric Bike,Bicycles,329.62,4.4,1130,657,0.2,1452,29-03-2024
393,Mountain Bike,Bicycles,432.25,3.4,3435,865,0.19,194,06-01-2024
394,Electric Bike,Bicycles,459.15,2.7,359,74,0.29,1848,13-02-2024
395,Electric Bike,Bicycles,202.56,3.1,3361,439,0.08,6,27-11-2023
396,Mountain Bike,Bicycles,446.15,2.4,3219,786,0.01,1467,05-02-2024
397,Hybrid Bike,Bicycles,162.5,3.7,929,687,0.11,1227,25-07-2023
398,Hybrid Bike,Bicycles,347.25,1.6,1399,343,0.25,74,26-04-2024
399,Electric Bike,Bicycles,58.66,1.8,4458,447,0.21,1586,09-08-2023
400,Road Bike,Bicycles,380.54,2.8,4637,937,0.45,124,04-05-2024
401,Sketchbook,Art and crafting materials,193.65,2.9,785,200,0.49,76,12-04-2024
402,Brushes,Art and crafting materials,84.28,1.1,3807,277,0.27,1188,10-08-2023
403,Paint Set,Art and crafting materials,275.44,4,2390,946,0.18,1377,22-02-2024
404,Brushes,Art and crafting materials,96.81,3,382,532,0.48,358,22-07-2023
405,Brushes,Art and crafting materials,90.97,3.3,1134,865,0.24,434,11-09-2023
406,Brushes,Art and crafting materials,441.35,3.5,3735,761,0.23,998,05-07-2023
407,Canvas,Art and crafting materials,29.34,2.9,2211,885,0.11,63,11-03-2024
408,Paint Set,Art and crafting materials,303.57,2.4,3630,139,0.02,1781,05-06-2024
409,Paint Set,Art and crafting materials,343.57,2.9,882,146,0.26,619,18-10-2023
410,Canvas,Art and crafting materials,433.14,3.4,1610,416,0.28,406,20-11-2023
411,Canvas,Art and crafting materials,251.24,3.3,3802,81,0.22,1710,15-10-2023
412,Canvas,Art and crafting materials,405.23,2.9,2558,328,0.03,940,09-07-2023
413,Paint Set,Art and crafting materials,425.01,4.6,2490,836,0.26,1517,04-12-2023
414,Brushes,Art and crafting materials,369.67,4.1,4117,348,0.02,1858,17-04-2024
415,Sketchbook,Art and crafting materials,75.87,2.2,1999,203,0.4,1687,06-05-2024
416,Canvas,Art and crafting materials,269,4.2,3234,18,0.1,793,18-02-2024
417,Canvas,Art and crafting materials,154.36,1.1,1088,291,0.42,0,04-05-2024
418,Paint Set,Art and crafting materials,379.18,4.1,200,126,0.44,546,29-11-2023
419,Brushes,Art and crafting materials,53.42,3,413,990,0.03,1378,30-03-2024
420,Brushes,Art and crafting materials,319.72,3.3,2015,289,0,82,08-02-2024
421,Sketchbook,Art and crafting materials,156.79,1.3,2422,161,0.4,1679,18-06-2023
422,Canvas,Art and crafting materials,81.15,3.8,2158,926,0.12,294,08-11-2023
423,Sketchbook,Art and crafting materials,84.64,2.1,3701,732,0.29,1830,25-07-2023
424,Paint Set,Art and crafting materials,323.83,4.9,1556,402,0.18,1336,03-09-2023
425,Sketchbook,Art and crafting materials,102.04,3.9,1589,563,0.32,1905,27-05-2024
426,Sketchbook,Art and crafting materials,359.84,4.3,2307,204,0.46,775,29-05-2024
427,Brushes,Art and crafting materials,87.73,4.5,4449,638,0.03,1739,22-04-2024
428,Brushes,Art and crafting materials,60.35,1.8,1884,153,0.36,1749,21-08-2023
429,Paint Set,Art and crafting materials,40.72,4.4,2437,324,0.47,1855,05-01-2024
430,Canvas,Art and crafting materials,59.93,2.4,4232,922,0.43,1475,02-03-2024
431,Sketchbook,Art and crafting materials,447.02,2.7,2224,197,0.19,1995,14-12-2023
432,Paint Set,Art and crafting materials,66.85,1.2,1948,928,0.47,1752,11-02-2024
433,Brushes,Art and crafting materials,12.14,1.7,3988,234,0.33,928,17-05-2024
434,Canvas,Art and crafting materials,73.5,3.7,4888,605,0.13,1875,12-11-2023
435,Canvas,Art and crafting materials,499.74,1.4,2587,552,0.24,1519,16-01-2024
436,Canvas,Art and crafting materials,190.67,2.5,891,454,0.38,209,25-10-2023
437,Paint Set,Art and crafting materials,213.74,3.9,4744,328,0.43,1845,02-03-2024
438,Paint Set,Art and crafting materials,379.47,1.1,3976,727,0.47,1827,10-09-2023
439,Brushes,Art and crafting materials,164.66,3.6,3220,539,0.36,1461,06-04-2024
440,Canvas,Art and crafting materials,51.82,1.2,1548,312,0.41,53,24-01-2024
441,Coffee Mug,Drinkware,141.12,4.3,4653,524,0.19,1815,26-09-2023
442,Water Bottle,Drinkware,357.6,4.8,674,920,0.37,613,24-05-2024
443,Tea Cup,Drinkware,301.61,1,4266,408,0.48,1211,30-06-2023
444,Water Bottle,Drinkware,383.53,2.8,2831,686,0.11,1627,07-12-2023
445,Tea Cup,Drinkware,71.52,1.1,2222,733,0.18,1444,28-01-2024
446,Wine Glass,Drinkware,18.6,2.2,32,54,0.26,755,02-08-2023
447,Water Bottle,Drinkware,289.62,3.3,4579,972,0.49,622,08-08-2023
448,Coffee Mug,Drinkware,278.01,4.3,3030,728,0.15,1068,09-11-2023
449,Wine Glass,Drinkware,158.43,1.3,488,156,0.12,411,18-11-2023
450,Wine Glass,Drinkware,39.26,3.7,515,601,0.5,630,29-01-2024
451,Tea Cup,Drinkware,495.75,3.2,3871,539,0.39,1552,12-04-2024
452,Water Bottle,Drinkware,105.96,1.6,25,24,0.39,1324,07-07-2023
453,Wine Glass,Drinkware,491.01,3.1,3483,970,0.13,1072,18-12-2023
454,Tea Cup,Drinkware,175.3,3.9,1592,558,0.03,685,12-10-2023
455,Water Bottle,Drinkware,82.18,1,2295,565,0.21,421,28-10-2023
456,Wine Glass,Drinkware,183.59,4.8,2500,389,0.14,597,13-11-2023
457,Water Bottle,Drinkware,277.82,2.7,1757,2,0.08,1116,02-06-2024
458,Tea Cup,Drinkware,449.86,3.7,3823,330,0.4,1546,25-06-2023
459,Tea Cup,Drinkware,332.97,1.4,4675,866,0.25,695,26-07-2023
460,Wine Glass,Drinkware,490.76,3.3,356,600,0.46,310,18-06-2023
461,Water Bottle,Drinkware,16.38,1.1,619,882,0.37,124,22-06-2023
462,Coffee Mug,Drinkware,480.47,3.1,929,246,0.2,361,02-06-2024
463,Water Bottle,Drinkware,361.98,2,4282,595,0.28,1877,09-03-2024
464,Water Bottle,Drinkware,305.5,4.3,3619,612,0.19,1179,29-09-2023
465,Wine Glass,Drinkware,32.57,4.2,4967,321,0.26,943,11-03-2024
466,Water Bottle,Drinkware,220.06,1.1,3947,652,0,739,19-09-2023
467,Water Bottle,Drinkware,204.94,4.7,2176,671,0.26,326,13-10-2023
468,Wine Glass,Drinkware,202.3,4,3696,358,0.29,717,24-05-2024
469,Water Bottle,Drinkware,496.3,2.5,692,90,0.21,960,17-02-2024
470,Coffee Mug,Drinkware,103.88,4.7,3699,854,0.25,1738,30-04-2024
471,Coffee Mug,Drinkware,122.06,4.8,2401,748,0.11,1603,26-11-2023
472,Tea Cup,Drinkware,223.94,3.3,2635,281,0.42,1132,05-12-2023
473,Wine Glass,Drinkware,448.11,4.8,4647,644,0.21,131,05-09-2023
474,Water Bottle,Drinkware,445.55,3.2,3180,220,0.13,1391,15-01-2024
475,Tea Cup,Drinkware,428.96,1.8,3576,474,0.03,270,28-11-2023
476,Wine Glass,Drinkware,407.33,4.3,3607,535,0.33,1858,25-08-2023
477,Coffee Mug,Drinkware,237.01,1.2,278,876,0.02,253,12-12-2023
478,Water Bottle,Drinkware,270.69,3.4,699,565,0.18,1848,24-01-2024
479,Tea Cup,Drinkware,120.8,2.2,3388,211,0.12,1714,04-07-2023
480,Wine Glass,Drinkware,103.65,2.2,4082,510,0.32,1192,03-07-2023
481,Eau de Toilette,Perfume and cologne,158.44,2.3,1135,410,0.14,1208,24-04-2024
482,Eau de Toilette,Perfume and cologne,208.82,1.9,4308,309,0.3,752,12-09-2023
483,Body Spray,Perfume and cologne,213.09,4,4538,161,0.39,520,23-01-2024
484,Perfume Oil,Perfume and cologne,30.79,2.1,3907,559,0.15,152,08-02-2024
485,Eau de Parfum,Perfume and cologne,284.44,4.1,1752,562,0.18,488,14-03-2024
486,Eau de Toilette,Perfume and cologne,351.63,3.9,1914,197,0.46,406,26-12-2023
487,Eau de Parfum,Perfume and cologne,432.23,2.1,4858,680,0.1,1164,01-04-2024
488,Eau de Toilette,Perfume and cologne,335.92,1.6,3408,574,0.38,1903,18-12-2023
489,Eau de Parfum,Perfume and cologne,474.07,3,1497,782,0.25,863,03-02-2024
490,Perfume Oil,Perfume and cologne,198.33,1.1,1907,418,0.01,825,26-08-2023
491,Eau de Toilette,Perfume and cologne,423.21,1.4,3386,924,0.41,888,25-12-2023
492,Body Spray,Perfume and cologne,220.5,2.2,3407,389,0.06,1263,26-07-2023
493,Eau de Toilette,Perfume and cologne,280.83,2.6,4986,554,0.43,1683,07-03-2024
494,Perfume Oil,Perfume and cologne,316.26,2.3,3093,882,0.25,839,03-06-2024
495,Eau de Toilette,Perfume and cologne,316.19,3.3,3062,594,0.31,499,18-07-2023
496,Perfume Oil,Perfume and cologne,101.59,1.1,2378,900,0.18,1424,05-03-2024
497,Eau de Parfum,Perfume and cologne,369.02,2.6,887,58,0.18,49,22-05-2024
498,Eau de Toilette,Perfume and cologne,172.9,1.2,2606,678,0.47,1164,18-03-2024
499,Eau de Toilette,Perfume and cologne,369.41,1.5,3474,127,0.38,759,12-05-2024
500,Perfume Oil,Perfume and cologne,145.4,2.7,4664,391,0.03,1692,21-11-2023
501,Eau de Parfum,Perfume and cologne,60.53,3.2,1341,680,0.37,1497,04-11-2023
502,Eau de Parfum,Perfume and cologne,204.83,2.1,4873,97,0.24,207,08-06-2024
503,Perfume Oil,Perfume and cologne,279.31,3.8,153,938,0.3,218,05-01-2024
504,Body Spray,Perfume and cologne,476.2,2.2,2195,107,0.23,1506,24-07-2023
505,Eau de Toilette,Perfume and cologne,324.4,3.8,1742,282,0.34,480,24-06-2023
506,Perfume Oil,Perfume and cologne,295.94,3.1,2555,257,0.43,1088,19-03-2024
507,Eau de Toilette,Perfume and cologne,230.05,3.4,4757,946,0.44,890,06-10-2023
508,Eau de Toilette,Perfume and cologne,316.35,2.5,283,448,0.01,1091,03-06-2024
509,Eau de Parfum,Perfume and cologne,275.58,4.8,3491,72,0.42,617,27-08-2023
510,Eau de Toilette,Perfume and cologne,488.73,1.4,369,794,0.22,1442,10-10-2023
511,Body Spray,Perfume and cologne,51.31,4.2,4462,270,0.41,378,29-03-2024
512,Body Spray,Perfume and cologne,14.44,3.4,3856,42,0.32,169,11-11-2023
513,Eau de Parfum,Perfume and cologne,54.78,1.8,150,110,0.37,1070,08-04-2024
514,Eau de Parfum,Perfume and cologne,115.06,2.1,4897,295,0.18,945,28-07-2023
515,Eau de Toilette,Perfume and cologne,302.58,3.4,1629,303,0.17,1361,03-05-2024
516,Body Spray,Perfume and cologne,413.26,4.7,3757,386,0.31,832,11-03-2024
517,Eau de Toilette,Perfume and cologne,152.83,4.1,2556,389,0.4,294,31-08-2023
518,Eau de Parfum,Perfume and cologne,448.72,3.7,4663,186,0.23,444,13-04-2024
519,Body Spray,Perfume and cologne,322.6,4.3,679,419,0.27,1642,04-05-2024
520,Body Spray,Perfume and cologne,41.36,4.3,2559,138,0.3,1228,24-09-2023
521,White Wine,Wine,256.29,1.2,4917,87,0.46,1230,02-02-2024
522,Rose Wine,Wine,359.35,1,120,384,0.46,1364,29-01-2024
523,Red Wine,Wine,100.97,3.7,2668,302,0.34,802,02-04-2024
524,Red Wine,Wine,161.81,2,2359,745,0.27,276,10-04-2024
525,Rose Wine,Wine,47.55,4.5,2591,566,0.48,1571,21-02-2024
526,White Wine,Wine,193.02,2.1,2895,96,0.16,828,25-01-2024
527,White Wine,Wine,281.15,3,661,424,0.43,1449,15-03-2024
528,Red Wine,Wine,178.94,2.8,2942,725,0.15,1262,28-12-2023
529,Rose Wine,Wine,97.83,3.8,4590,623,0.06,1424,07-10-2023
530,Sparkling Wine,Wine,432.86,3.1,3089,605,0.08,288,14-11-2023
531,White Wine,Wine,91.22,4.6,4729,649,0.32,114,31-12-2023
532,Red Wine,Wine,113.83,2.2,2294,558,0.2,146,13-02-2024
533,Rose Wine,Wine,377.2,3.3,2410,508,0.21,1312,22-05-2024
534,Rose Wine,Wine,351.25,3.8,448,924,0.25,1522,21-01-2024
535,White Wine,Wine,291.95,1.1,238,204,0.35,244,26-07-2023
536,Red Wine,Wine,175.23,1.6,4166,268,0.2,304,03-06-2024
537,White Wine,Wine,258.82,2.7,1776,573,0.4,1560,03-10-2023
538,Red Wine,Wine,209.98,4.5,2463,793,0.13,24,05-08-2023
539,Sparkling Wine,Wine,351.66,4,504,597,0.42,498,12-06-2023
540,Rose Wine,Wine,149.9,3.1,3484,338,0.41,1960,13-09-2023
541,Rose Wine,Wine,16.55,2.6,2104,231,0.01,383,23-04-2024
542,White Wine,Wine,42.82,4.5,2763,750,0.27,291,11-07-2023
543,Sparkling Wine,Wine,277.34,4.9,4177,833,0.26,334,21-05-2024
544,Sparkling Wine,Wine,471.85,1.2,2370,850,0.04,205,26-07-2023
545,Sparkling Wine,Wine,43.67,2.5,2890,121,0.17,95,29-06-2023
546,White Wine,Wine,116.66,3.6,670,123,0.05,1527,16-11-2023
547,Sparkling Wine,Wine,42.57,4.1,249,313,0.39,1452,28-07-2023
548,Rose Wine,Wine,341.96,4,3426,484,0.1,43,12-05-2024
549,Rose Wine,Wine,93.24,1.8,219,901,0.37,400,08-11-2023
550,Rose Wine,Wine,302.61,3.6,803,489,0.29,1493,09-04-2024
551,White Wine,Wine,160.38,2.7,53,527,0.1,1082,02-08-2023
552,Sparkling Wine,Wine,303.89,4.4,2781,715,0.36,394,16-11-2023
553,Sparkling Wine,Wine,47.72,3.8,370,857,0.23,1341,30-10-2023
554,Red Wine,Wine,143.25,3.8,4334,194,0.47,1245,10-04-2024
555,Red Wine,Wine,269.07,4.3,3988,377,0.14,922,20-06-2023
556,Rose Wine,Wine,139.67,3.6,974,206,0.39,1814,20-07-2023
557,Sparkling Wine,Wine,53.31,3.8,203,160,0.22,768,28-12-2023
558,Rose Wine,Wine,139.36,2.7,607,674,0.41,827,11-02-2024
559,White Wine,Wine,336.76,2.3,2103,365,0.44,1767,29-09-2023
560,Red Wine,Wine,223.85,3.7,2378,992,0.29,1791,03-05-2024
561,Knee-High Socks,Socks,415.06,4.6,956,798,0.4,572,29-06-2023
562,Ankle Socks,Socks,289.87,2.2,2828,880,0.48,458,06-12-2023
563,Wool Socks,Socks,394.03,3.3,4603,303,0.16,597,27-12-2023
564,Ankle Socks,Socks,384.53,3.5,991,355,0.02,206,28-09-2023
565,Ankle Socks,Socks,12.62,4.8,4804,852,0.2,338,16-05-2024
566,Knee-High Socks,Socks,495.43,4,2730,449,0.35,938,09-01-2024
567,Knee-High Socks,Socks,289.05,4.5,650,621,0.19,539,26-11-2023
568,Ankle Socks,Socks,113.7,5,2827,561,0.32,1136,23-12-2023
569,Knee-High Socks,Socks,470.57,3,4383,906,0.42,1178,16-04-2024
570,Cotton Socks,Socks,192.83,4.8,2324,939,0.25,1448,12-04-2024
571,Ankle Socks,Socks,487.38,1.3,917,850,0.37,838,24-09-2023
572,Wool Socks,Socks,97.88,3.8,1749,753,0.33,92,20-01-2024
573,Cotton Socks,Socks,19.38,4.1,374,58,0.35,779,19-08-2023
574,Cotton Socks,Socks,345.99,4.6,3255,89,0.2,972,24-07-2023
575,Wool Socks,Socks,418.56,3.6,1610,967,0.05,1834,12-01-2024
576,Knee-High Socks,Socks,25.55,2.7,4735,339,0.44,1167,28-07-2023
577,Ankle Socks,Socks,113.5,4.5,1262,951,0.1,1204,08-11-2023
578,Knee-High Socks,Socks,443.45,1.5,4274,211,0.11,464,15-10-2023
579,Ankle Socks,Socks,486.96,2.9,2654,884,0.03,275,23-10-2023
580,Wool Socks,Socks,487.92,4.3,3135,809,0.47,1938,30-05-2024
581,Cotton Socks,Socks,44.81,1.8,762,275,0.03,727,19-04-2024
582,Ankle Socks,Socks,82.17,4.9,2040,807,0.06,235,15-04-2024
583,Ankle Socks,Socks,401.16,2.3,903,92,0.12,1083,24-01-2024
584,Ankle Socks,Socks,189.14,2.4,1036,991,0.49,1817,16-03-2024
585,Knee-High Socks,Socks,81.99,2.4,2430,855,0.08,1494,06-09-2023
586,Cotton Socks,Socks,416.36,3.8,3373,95,0.08,191,18-09-2023
587,Knee-High Socks,Socks,158.78,2.2,3183,827,0.24,1168,06-04-2024
588,Ankle Socks,Socks,492.27,2.6,2153,180,0.21,776,06-09-2023
589,Wool Socks,Socks,180.06,3.2,2153,270,0.02,1526,26-12-2023
590,Wool Socks,Socks,494.83,4.6,3802,980,0.24,1743,22-11-2023
591,Ankle Socks,Socks,284.19,3.7,226,47,0.2,1462,20-08-2023
592,Knee-High Socks,Socks,213.91,3.1,2535,908,0.44,1252,25-03-2024
593,Wool Socks,Socks,261.32,4.5,4405,131,0.49,1095,03-09-2023
594,Wool Socks,Socks,334.22,1.6,1445,119,0.09,1757,31-01-2024
595,Wool Socks,Socks,209.21,4.6,2294,71,0.19,5,17-11-2023
596,Knee-High Socks,Socks,400.89,2.5,698,75,0.28,1822,27-06-2023
597,Ankle Socks,Socks,175.45,5,2334,765,0.26,1619,28-05-2024
598,Wool Socks,Socks,436.63,4.2,275,499,0.38,1973,11-09-2023
599,Knee-High Socks,Socks,248.2,4.7,4204,278,0.15,1799,31-07-2023
600,Cotton Socks,Socks,395.05,3.4,1520,155,0.38,1295,08-06-2024
601,Silk Sheets,Bedsheets,220.69,3.4,870,12,0.38,1756,16-10-2023
602,Silk Sheets,Bedsheets,243.09,3.7,1647,566,0.32,1490,15-02-2024
603,Linen Sheets,Bedsheets,456.2,3,4660,470,0.31,925,02-08-2023
604,Bamboo Sheets,Bedsheets,464.91,5,1067,738,0.38,1743,19-09-2023
605,Bamboo Sheets,Bedsheets,34.31,3.9,2951,71,0.46,1291,25-07-2023
606,Linen Sheets,Bedsheets,402.71,2.6,4234,614,0.06,272,02-11-2023
607,Cotton Sheets,Bedsheets,287.23,4.7,4485,341,0.03,1956,01-12-2023
608,Linen Sheets,Bedsheets,267.12,4.1,4322,370,0.17,816,13-01-2024
609,Linen Sheets,Bedsheets,153.95,1.2,870,667,0.3,1029,15-01-2024
610,Bamboo Sheets,Bedsheets,165.6,4.4,3190,292,0.44,1603,09-11-2023
611,Silk Sheets,Bedsheets,457.34,2.4,307,569,0.36,1128,26-10-2023
612,Linen Sheets,Bedsheets,223.47,4.2,1378,749,0.04,795,13-11-2023
613,Bamboo Sheets,Bedsheets,418.94,4.7,4567,719,0.23,1957,25-01-2024
614,Linen Sheets,Bedsheets,89.77,3.4,1398,653,0.22,1534,25-08-2023
615,Linen Sheets,Bedsheets,130.86,2.9,3049,72,0.38,1983,16-06-2023
616,Silk Sheets,Bedsheets,96.82,2.2,1977,282,0.03,270,30-12-2023
617,Bamboo Sheets,Bedsheets,433.83,2,2398,433,0.45,1494,30-01-2024
618,Linen Sheets,Bedsheets,156.44,1.4,1269,600,0.36,1922,13-01-2024
619,Cotton Sheets,Bedsheets,432.94,4.3,2044,480,0.06,1788,19-01-2024
620,Silk Sheets,Bedsheets,156.97,3.4,1325,24,0.08,888,01-04-2024
621,Cotton Sheets,Bedsheets,32.17,1.9,470,963,0.29,660,27-10-2023
622,Silk Sheets,Bedsheets,266.34,3.8,3623,241,0.28,1203,23-11-2023
623,Linen Sheets,Bedsheets,134.43,4.1,3308,692,0.23,55,17-10-2023
624,Silk Sheets,Bedsheets,115.2,1.3,2799,513,0.37,1723,08-08-2023
625,Silk Sheets,Bedsheets,433.1,1.9,4006,601,0.39,1991,03-11-2023
626,Silk Sheets,Bedsheets,398.85,1.1,1719,494,0.07,542,19-04-2024
627,Cotton Sheets,Bedsheets,349.09,2.8,4647,612,0.31,1856,05-10-2023
628,Linen Sheets,Bedsheets,347.49,4.6,1232,21,0.24,1231,02-06-2024
629,Silk Sheets,Bedsheets,404.8,2.3,2649,652,0.04,848,24-03-2024
630,Cotton Sheets,Bedsheets,422.05,1.9,1262,71,0.4,1845,01-09-2023
631,Cotton Sheets,Bedsheets,234.97,2.2,2722,59,0.06,981,13-04-2024
632,Cotton Sheets,Bedsheets,216.17,3.4,3076,985,0.2,709,12-04-2024
633,Bamboo Sheets,Bedsheets,313.43,2.3,4621,461,0.03,383,27-04-2024
634,Linen Sheets,Bedsheets,261.03,4.1,1003,418,0.04,1938,02-03-2024
635,Linen Sheets,Bedsheets,207.57,4.3,1895,919,0.31,144,19-07-2023
636,Linen Sheets,Bedsheets,481.51,2.8,3212,965,0.34,397,15-10-2023
637,Silk Sheets,Bedsheets,99.07,1.6,4827,911,0.02,428,30-06-2023
638,Bamboo Sheets,Bedsheets,263.96,3.8,4866,757,0.16,1806,22-12-2023
639,Linen Sheets,Bedsheets,479.48,1.9,3847,582,0.47,370,28-02-2024
640,Silk Sheets,Bedsheets,165.13,2.1,2845,457,0.16,881,26-11-2023
641,Framed Poster,Posters and artwork,219.94,3.9,4266,381,0.07,452,26-06-2023
642,Canvas Print,Posters and artwork,472.16,1.9,3075,92,0.46,287,25-02-2024
643,Canvas Print,Posters and artwork,132.26,3.2,4552,740,0.45,1029,19-02-2024
644,Art Print,Posters and artwork,29.24,2.1,3722,810,0.49,1411,09-07-2023
645,Framed Poster,Posters and artwork,113.33,4.4,2501,290,0.47,149,07-10-2023
646,Digital Art,Posters and artwork,232.66,4.1,2123,598,0.23,1553,18-02-2024
647,Digital Art,Posters and artwork,469.88,1.7,1106,124,0.11,1070,28-09-2023
648,Digital Art,Posters and artwork,214.42,1.6,2415,494,0.38,717,01-08-2023
649,Canvas Print,Posters and artwork,59.12,1.1,1357,354,0.3,1761,18-09-2023
650,Digital Art,Posters and artwork,125.15,4.3,4780,902,0.07,1471,07-04-2024
651,Canvas Print,Posters and artwork,463.97,2.7,3066,330,0.21,1778,23-05-2024
652,Digital Art,Posters and artwork,24.04,3.3,4586,430,0.12,297,26-03-2024
653,Art Print,Posters and artwork,204.87,4.9,4922,922,0.35,71,21-09-2023
654,Digital Art,Posters and artwork,193.61,3.2,4987,11,0.21,1578,24-05-2024
655,Digital Art,Posters and artwork,119.92,1.9,3028,519,0.47,719,23-08-2023
656,Art Print,Posters and artwork,34.77,3.5,925,662,0.11,969,31-03-2024
657,Framed Poster,Posters and artwork,436.61,4,4290,910,0.2,1965,09-09-2023
658,Framed Poster,Posters and artwork,290.28,4.2,2074,310,0.08,1683,03-09-2023
659,Canvas Print,Posters and artwork,179.81,2.6,4319,783,0.09,949,20-06-2023
660,Canvas Print,Posters and artwork,202.04,3.8,3498,829,0.49,1891,19-05-2024
661,Art Print,Posters and artwork,448.89,2.2,3406,440,0.07,1311,21-04-2024
662,Canvas Print,Posters and artwork,32.19,3.6,3748,277,0.34,988,15-08-2023
663,Canvas Print,Posters and artwork,24.71,2.8,2182,579,0.49,477,03-01-2024
664,Art Print,Posters and artwork,383.22,3,2462,338,0.49,287,24-07-2023
665,Digital Art,Posters and artwork,211.48,2.7,2363,983,0.28,143,25-05-2024
666,Canvas Print,Posters and artwork,21.53,2.7,2176,906,0.28,3,19-07-2023
667,Canvas Print,Posters and artwork,266.56,2,3792,224,0.25,991,25-07-2023
668,Digital Art,Posters and artwork,113.06,4.1,1131,530,0.06,1319,09-08-2023
669,Digital Art,Posters and artwork,482.27,1.5,194,489,0.44,181,10-08-2023
670,Art Print,Posters and artwork,12.65,1,3867,792,0.01,777,17-08-2023
671,Art Print,Posters and artwork,168.67,3.6,1397,553,0.13,1269,15-11-2023
672,Framed Poster,Posters and artwork,306.94,4.4,2410,282,0.37,161,02-01-2024
673,Canvas Print,Posters and artwork,301.13,2.6,4683,857,0.01,1887,28-10-2023
674,Art Print,Posters and artwork,23.65,3.5,4416,434,0.27,1431,03-01-2024
675,Framed Poster,Posters and artwork,483,1.2,2660,155,0.08,870,04-09-2023
676,Framed Poster,Posters and artwork,44,1.4,1751,909,0.4,313,14-07-2023
677,Canvas Print,Posters and artwork,80.21,3.9,2686,847,0.5,439,06-11-2023
678,Art Print,Posters and artwork,341.42,3.7,194,662,0,122,06-12-2023
679,Framed Poster,Posters and artwork,334.3,3.5,3814,990,0.02,395,09-07-2023
680,Framed Poster,Posters and artwork,420.26,1.5,3629,799,0.41,1424,24-12-2023
681,Soy Candle,Candles,460.01,3.6,2156,794,0.2,615,28-09-2023
682,Beeswax Candle,Candles,156.4,4.6,1268,286,0.16,475,19-03-2024
683,Soy Candle,Candles,16.32,3.2,935,908,0.48,290,29-01-2024
684,Scented Candle,Candles,281.02,4.2,3861,961,0.3,507,04-11-2023
685,Scented Candle,Candles,201.05,2.9,4703,586,0.41,565,02-07-2023
686,Beeswax Candle,Candles,270.62,4.5,3603,557,0.23,1918,13-04-2024
687,Scented Candle,Candles,159.81,2.6,3996,851,0.34,28,19-02-2024
688,Beeswax Candle,Candles,188.69,4,2756,474,0.06,211,22-02-2024
689,Pillar Candle,Candles,379.2,4.5,4085,786,0.37,684,22-12-2023
690,Scented Candle,Candles,340.11,4.1,1499,51,0.25,876,04-07-2023
691,Beeswax Candle,Candles,106.16,1.5,857,751,0.14,1942,16-08-2023
692,Scented Candle,Candles,275.27,1.3,4306,751,0.05,779,16-11-2023
693,Beeswax Candle,Candles,42.68,1.2,4506,522,0.02,426,09-09-2023
694,Pillar Candle,Candles,205.59,3.4,1243,576,0.49,327,19-04-2024
695,Soy Candle,Candles,447.88,1.3,3388,323,0.09,1689,18-06-2023
696,Soy Candle,Candles,175.28,4.8,4141,820,0.16,1912,15-09-2023
697,Scented Candle,Candles,418.27,2.2,2163,629,0.31,1503,10-08-2023
698,Beeswax Candle,Candles,232.55,2.6,2476,790,0.16,746,02-08-2023
699,Soy Candle,Candles,409.73,2.9,2829,333,0.03,347,11-09-2023
700,Beeswax Candle,Candles,231.35,2.4,3164,684,0.06,1240,18-06-2023
701,Soy Candle,Candles,310.85,3.5,243,505,0.03,1110,06-11-2023
702,Soy Candle,Candles,367.94,1.5,1192,329,0.24,390,09-08-2023
703,Soy Candle,Candles,435.4,2.2,1211,929,0.02,643,05-11-2023
704,Pillar Candle,Candles,280.66,3.4,4552,188,0.29,1788,23-08-2023
705,Soy Candle,Candles,269.69,3.7,1869,376,0.2,507,25-05-2024
706,Beeswax Candle,Candles,84.21,2.7,4516,528,0.26,941,02-05-2024
707,Scented Candle,Candles,415.93,1.3,2155,267,0.41,1553,12-03-2024
708,Scented Candle,Candles,105.65,3.7,2430,441,0.49,1113,17-10-2023
709,Soy Candle,Candles,363.81,1.2,2645,18,0.26,606,30-09-2023
710,Scented Candle,Candles,15.14,4.6,1547,629,0.31,1446,08-10-2023
711,Scented Candle,Candles,16.32,1.9,746,701,0.18,769,13-12-2023
712,Beeswax Candle,Candles,196.67,1.2,2306,134,0.45,1771,07-12-2023
713,Scented Candle,Candles,419.33,1.8,4675,890,0.29,880,04-03-2024
714,Scented Candle,Candles,43.37,1.9,4478,133,0.23,502,08-12-2023
715,Scented Candle,Candles,212.93,4.8,3981,678,0.3,219,14-12-2023
716,Beeswax Candle,Candles,244.38,1.1,3733,415,0.41,196,29-04-2024
717,Scented Candle,Candles,266.47,1.9,3878,889,0.04,924,08-02-2024
718,Beeswax Candle,Candles,80.05,4,28,974,0.3,1419,20-02-2024
719,Soy Candle,Candles,260.74,2.9,903,519,0.42,339,18-12-2023
720,Pillar Candle,Candles,13.59,1.1,3087,332,0.5,8,30-07-2023
721,Body Lotion,Bath and body,480.3,1.2,2062,838,0.02,1448,06-09-2023
722,Body Scrub,Bath and body,267.2,2.8,2313,490,0.29,1735,09-08-2023
723,Body Scrub,Bath and body,492.18,4.2,1517,367,0.34,419,05-09-2023
724,Bath Salts,Bath and body,348.46,3.9,3096,529,0.46,1578,12-07-2023
725,Body Scrub,Bath and body,47.61,1,2226,55,0.21,110,25-01-2024
726,Body Scrub,Bath and body,329.96,3.3,813,248,0.05,322,04-06-2024
727,Body Scrub,Bath and body,481.95,1.5,2476,268,0.08,147,13-02-2024
728,Body Lotion,Bath and body,400.78,3.7,2038,812,0.24,1854,26-03-2024
729,Bath Salts,Bath and body,224.16,3.5,3510,714,0.42,998,06-08-2023
730,Body Lotion,Bath and body,438.41,4.3,1451,727,0.2,562,09-11-2023
731,Bath Salts,Bath and body,18.17,1.8,4534,731,0.21,698,26-08-2023
732,Bath Salts,Bath and body,265.72,1.3,3197,176,0.48,1634,04-03-2024
733,Bath Salts,Bath and body,213.75,3.2,3916,637,0.26,309,12-01-2024
734,Body Scrub,Bath and body,320.07,4.1,684,557,0.01,1462,09-11-2023
735,Shower Gel,Bath and body,222.69,1.5,3560,64,0.18,626,07-04-2024
736,Bath Salts,Bath and body,247.06,2.7,1181,588,0.3,1878,29-10-2023
737,Shower Gel,Bath and body,241.15,3.2,4908,939,0.11,1906,12-08-2023
738,Body Scrub,Bath and body,134.72,2.9,2387,346,0.13,648,09-10-2023
739,Shower Gel,Bath and body,212.08,1.8,4391,111,0.07,1200,03-07-2023
740,Body Scrub,Bath and body,138.05,2.7,3472,27,0.26,1560,13-04-2024
741,Body Lotion,Bath and body,213.6,4.6,2597,901,0.01,1677,24-07-2023
742,Body Scrub,Bath and body,73.01,3.3,1248,663,0.02,1983,13-10-2023
743,Body Scrub,Bath and body,209.61,3.1,2749,0,0.1,428,05-02-2024
744,Bath Salts,Bath and body,298.17,2.3,220,914,0.4,1048,25-05-2024
745,Body Lotion,Bath and body,457.39,3.3,3986,480,0.13,1771,16-06-2023
746,Bath Salts,Bath and body,198.52,2.7,44,645,0.29,1093,24-06-2023
747,Shower Gel,Bath and body,49.97,1.4,1001,9,0.26,755,10-09-2023
748,Body Scrub,Bath and body,17.16,2.4,478,14,0.19,1191,01-06-2024
749,Shower Gel,Bath and body,401.34,4.7,271,142,0.08,1843,02-04-2024
750,Bath Salts,Bath and body,334.66,4.2,622,769,0.41,771,22-02-2024
751,Body Lotion,Bath and body,112.12,1.5,66,495,0.16,767,01-06-2024
752,Body Lotion,Bath and body,135.53,1.9,3580,297,0.43,375,21-01-2024
753,Body Scrub,Bath and body,184.72,4.6,72,307,0.26,1781,03-08-2023
754,Body Scrub,Bath and body,112.75,4.9,1174,668,0.15,178,26-11-2023
755,Bath Salts,Bath and body,84.17,1.6,787,747,0.03,492,01-02-2024
756,Shower Gel,Bath and body,367.36,3.3,1129,374,0.25,697,03-03-2024
757,Body Lotion,Bath and body,111.22,2.3,324,978,0.2,955,28-07-2023
758,Body Scrub,Bath and body,407.92,4.3,3086,216,0.16,1570,10-12-2023
759,Body Lotion,Bath and body,99.58,4.8,2352,984,0.45,1013,22-10-2023
760,Bath Salts,Bath and body,131.78,2.3,1577,272,0.15,972,03-06-2024
761,Dutch Oven,Cookware,394.69,2.1,4613,919,0.05,133,30-08-2023
762,Frying Pan,Cookware,172.49,3,2378,537,0.12,893,31-08-2023
763,Dutch Oven,Cookware,96.79,1,687,20,0.34,1894,01-11-2023
764,Dutch Oven,Cookware,407.85,4.8,3797,58,0.4,1644,05-01-2024
765,Dutch Oven,Cookware,50.16,3.6,3106,378,0.32,236,27-02-2024
766,Dutch Oven,Cookware,361.56,2.9,966,171,0.1,1146,15-07-2023
767,Frying Pan,Cookware,278.97,1.8,2212,698,0.3,1762,23-04-2024
768,Grill Pan,Cookware,466.92,4.7,610,115,0.23,1391,01-10-2023
769,Saucepan,Cookware,187.86,4.5,3699,662,0.31,1525,17-11-2023
770,Frying Pan,Cookware,33.13,4.8,4657,803,0.12,1614,03-12-2023
771,Dutch Oven,Cookware,433.11,1.5,351,700,0.07,1245,13-10-2023
772,Saucepan,Cookware,488.13,2.5,2381,888,0.09,1105,01-12-2023
773,Saucepan,Cookware,213.77,1.3,3639,93,0.21,596,09-10-2023
774,Frying Pan,Cookware,105.9,4.3,2681,127,0.21,1296,10-07-2023
775,Frying Pan,Cookware,32.57,4.7,1505,861,0.3,998,21-07-2023
776,Saucepan,Cookware,461.14,2.4,3236,487,0.24,1449,08-12-2023
777,Frying Pan,Cookware,10.11,4.7,2721,438,0.38,250,05-03-2024
778,Frying Pan,Cookware,364.16,1.9,512,215,0.15,124,20-03-2024
779,Dutch Oven,Cookware,193.66,3.5,2331,105,0.06,227,05-12-2023
780,Frying Pan,Cookware,62.93,1.9,2921,471,0.02,12,23-05-2024
781,Frying Pan,Cookware,177.21,2.8,294,188,0.25,1102,16-01-2024
782,Dutch Oven,Cookware,339.08,1.1,4961,825,0.02,70,06-10-2023
783,Frying Pan,Cookware,493.58,4,4565,505,0.27,493,10-08-2023
784,Grill Pan,Cookware,432.83,2.1,2521,845,0.43,1454,14-07-2023
785,Frying Pan,Cookware,125.03,4.3,3199,531,0.41,1957,18-07-2023
786,Saucepan,Cookware,476.18,1.5,1407,430,0.09,981,27-07-2023
787,Saucepan,Cookware,152.77,2.7,3605,458,0.45,1436,29-04-2024
788,Frying Pan,Cookware,421.6,2.4,2449,758,0.5,1317,16-11-2023
789,Frying Pan,Cookware,458.75,3.9,1910,914,0.16,1505,24-08-2023
790,Frying Pan,Cookware,103.16,4.3,3548,709,0.04,178,04-11-2023
791,Saucepan,Cookware,431.23,1.7,60,53,0.01,847,06-04-2024
792,Grill Pan,Cookware,468.05,4.6,3960,698,0.44,1963,12-12-2023
793,Dutch Oven,Cookware,256.82,4.5,1004,451,0.38,1039,19-07-2023
794,Grill Pan,Cookware,348.71,1.7,124,80,0.25,1861,12-01-2024
795,Grill Pan,Cookware,211.49,3.7,4846,500,0.2,210,26-04-2024
796,Saucepan,Cookware,29.51,2.1,4486,846,0.48,793,05-03-2024
797,Dutch Oven,Cookware,352.8,4.4,4280,68,0.07,1590,05-03-2024
798,Grill Pan,Cookware,490.82,2.5,1357,924,0.17,78,04-04-2024
799,Dutch Oven,Cookware,320.3,2.8,2728,662,0.37,1337,09-05-2024
800,Dutch Oven,Cookware,406.05,1.3,3644,269,0.34,517,28-02-2024
801,Nail File,Nail care,82.77,3.4,3168,73,0.48,1705,08-08-2023
802,Nail Clippers,Nail care,467.15,3.3,3598,573,0.41,1744,26-07-2023
803,Nail File,Nail care,240.94,2.9,4734,291,0.26,12,13-09-2023
804,Nail Polish,Nail care,345.1,1.1,2494,985,0.16,73,16-05-2024
805,Nail Polish,Nail care,186.59,1.3,4136,428,0.27,365,11-02-2024
806,Nail Polish,Nail care,53.98,4.6,3201,351,0.24,1341,25-01-2024
807,Nail Clippers,Nail care,463.77,1.6,2415,93,0.1,1738,05-07-2023
808,Nail Polish,Nail care,227.45,2.1,585,876,0.44,1577,11-11-2023
809,Nail Polish,Nail care,303.69,1.8,3085,432,0.06,131,08-07-2023
810,Cuticle Oil,Nail care,371.58,3.4,3276,78,0.25,987,07-10-2023
811,Cuticle Oil,Nail care,52.68,2.9,1177,153,0.13,1456,08-07-2023
812,Nail Clippers,Nail care,249.63,2.4,2857,786,0.28,1952,26-03-2024
813,Nail Polish,Nail care,162.97,3.9,4662,665,0.18,1331,20-06-2023
814,Nail Polish,Nail care,304.68,2.4,4503,188,0.37,1152,22-04-2024
815,Nail Polish,Nail care,206.92,3.7,2489,199,0.37,859,28-01-2024
816,Nail Clippers,Nail care,245.34,3.6,1357,810,0.06,1357,24-11-2023
817,Nail Polish,Nail care,376.82,2.9,3010,435,0.27,1945,08-06-2024
818,Nail File,Nail care,404.75,2.2,4825,555,0.27,1613,07-11-2023
819,Nail File,Nail care,228.9,1.5,1959,577,0.01,86,23-03-2024
820,Nail Polish,Nail care,335.02,4.4,1299,698,0.47,1206,16-09-2023
821,Nail Clippers,Nail care,387.18,4.9,2831,338,0.17,1532,16-10-2023
822,Nail File,Nail care,253.65,1.7,3089,523,0.42,1269,01-11-2023
823,Nail Polish,Nail care,202.88,2.9,1797,83,0.43,618,19-06-2023
824,Nail Clippers,Nail care,184.49,3.7,142,191,0.41,580,18-05-2024
825,Nail Polish,Nail care,272.32,3.5,4500,839,0.16,1290,18-07-2023
826,Nail File,Nail care,336.79,2.7,3597,502,0.36,1675,21-08-2023
827,Nail Clippers,Nail care,55.43,3.1,4729,912,0.06,957,31-10-2023
828,Cuticle Oil,Nail care,246.31,1.2,2985,396,0.35,1108,09-11-2023
829,Nail Polish,Nail care,485.21,3.9,641,11,0.38,865,22-09-2023
830,Nail Clippers,Nail care,170.91,2.9,2942,651,0.24,519,04-10-2023
831,Cuticle Oil,Nail care,76.82,3.9,4564,211,0.13,803,14-06-2023
832,Nail Clippers,Nail care,258.28,4.4,853,660,0.07,477,26-12-2023
833,Nail Clippers,Nail care,462.1,3,4505,421,0.42,1724,27-04-2024
834,Nail File,Nail care,174.8,4.7,377,389,0.28,241,21-08-2023
835,Nail Clippers,Nail care,169.06,3.7,69,852,0.14,38,26-08-2023
836,Cuticle Oil,Nail care,393.67,4,755,351,0.42,1321,01-09-2023
837,Nail File,Nail care,257.41,4.1,3865,24,0.06,737,14-04-2024
838,Nail Clippers,Nail care,218.23,2.5,2623,454,0.22,1236,26-09-2023
839,Nail File,Nail care,59.28,2.6,595,802,0.43,1020,08-10-2023
840,Nail File,Nail care,172.89,2.3,3964,541,0.18,905,03-07-2023
841,Thongs,Underwear,496.7,4.5,3235,160,0.3,1831,13-03-2024
842,Thongs,Underwear,425.61,3.7,4957,274,0.1,1274,05-08-2023
843,Thongs,Underwear,165.84,4.7,1927,529,0.46,4,11-12-2023
844,Boxers,Underwear,165.52,1.9,2663,890,0.05,1278,26-03-2024
845,Briefs,Underwear,17.85,4.9,2636,484,0.3,1281,04-02-2024
846,Boxers,Underwear,203.1,4.4,253,187,0.4,782,05-06-2024
847,Panties,Underwear,450.63,3.5,654,361,0.24,1798,01-05-2024
848,Thongs,Underwear,341.44,2.2,3823,739,0.38,576,30-05-2024
849,Thongs,Underwear,312.14,1.2,1244,852,0.23,236,04-11-2023
850,Panties,Underwear,112.46,1.5,989,188,0.49,615,10-07-2023
851,Panties,Underwear,20.29,1.1,4452,255,0.44,1755,01-06-2024
852,Thongs,Underwear,207.49,3.5,4379,311,0.06,481,28-10-2023
853,Boxers,Underwear,228.18,3,569,589,0.05,421,22-07-2023
854,Boxers,Underwear,172.76,3.8,1223,100,0.46,1609,22-12-2023
855,Boxers,Underwear,125.44,2.2,220,594,0.12,521,06-06-2024
856,Panties,Underwear,324.96,3.9,4310,971,0.12,100,01-06-2024
857,Boxers,Underwear,426.75,4,3134,632,0.16,104,24-09-2023
858,Boxers,Underwear,308.02,2.8,3099,681,0.46,1651,02-04-2024
859,Briefs,Underwear,242.41,1.7,2415,250,0.03,1954,19-12-2023
860,Briefs,Underwear,340.28,1.1,918,149,0.04,58,22-07-2023
861,Panties,Underwear,135.64,4.7,3815,246,0.4,1262,25-12-2023
862,Thongs,Underwear,216.16,3,3799,688,0.36,1103,08-12-2023
863,Panties,Underwear,361.51,2.8,4573,925,0.48,1237,04-07-2023
864,Briefs,Underwear,432.85,2.9,587,310,0.02,707,25-06-2023
865,Thongs,Underwear,109.96,4.3,4020,83,0.03,667,25-05-2024
866,Boxers,Underwear,206.83,3,2084,332,0.33,44,17-11-2023
867,Briefs,Underwear,261.46,3.9,18,364,0.1,1784,14-02-2024
868,Thongs,Underwear,194.17,4.3,4150,777,0.23,1320,23-10-2023
869,Boxers,Underwear,230.62,2,1467,127,0.03,391,30-11-2023
870,Thongs,Underwear,481.09,3.5,4144,776,0.02,1081,08-12-2023
871,Briefs,Underwear,239.18,3.4,2194,483,0.28,1676,12-07-2023
872,Thongs,Underwear,447.72,2.7,4016,803,0.24,1289,07-03-2024
873,Briefs,Underwear,455.34,4.1,2266,532,0.47,79,03-08-2023
874,Briefs,Underwear,259.39,2.8,693,24,0.48,631,07-09-2023
875,Briefs,Underwear,168.92,4.8,4114,383,0.35,236,07-09-2023
876,Panties,Underwear,50.46,1.6,4734,236,0.26,54,21-12-2023
877,Boxers,Underwear,436.14,2.9,372,972,0.17,200,09-07-2023
878,Boxers,Underwear,407.23,4.8,3189,702,0.31,314,08-09-2023
879,Boxers,Underwear,16.96,2,574,573,0.35,1552,21-07-2023
880,Panties,Underwear,434.92,4.8,1104,550,0.2,428,26-11-2023
881,Oil Filter,Motor vehicle parts,254.18,3.4,1992,195,0.27,13,21-07-2023
882,Oil Filter,Motor vehicle parts,54.37,3.7,528,797,0.39,1634,05-09-2023
883,Brake Pads,Motor vehicle parts,448.91,1.1,3336,270,0.02,1723,09-11-2023
884,Spark Plugs,Motor vehicle parts,177.61,4.2,3392,724,0.11,640,31-05-2024
885,Spark Plugs,Motor vehicle parts,80.34,1.7,4198,891,0.26,1903,14-05-2024
886,Car Battery,Motor vehicle parts,433.08,1.6,988,81,0.43,821,30-09-2023
887,Oil Filter,Motor vehicle parts,192.3,1.4,2440,712,0.12,1278,14-12-2023
888,Spark Plugs,Motor vehicle parts,279.67,3.1,2205,3,0.42,959,19-11-2023
889,Oil Filter,Motor vehicle parts,267.79,3.8,3350,815,0.37,677,04-08-2023
890,Car Battery,Motor vehicle parts,412.66,1.6,1158,696,0.02,617,29-01-2024
891,Car Battery,Motor vehicle parts,104.21,2.2,4681,462,0.29,121,24-05-2024
892,Car Battery,Motor vehicle parts,208.5,1,2042,502,0.25,1697,25-11-2023
893,Oil Filter,Motor vehicle parts,302.11,4,417,555,0.34,325,15-12-2023
894,Brake Pads,Motor vehicle parts,235.56,1.9,2261,853,0.48,1602,14-07-2023
895,Brake Pads,Motor vehicle parts,180.43,3.5,3905,3,0.04,599,24-05-2024
896,Car Battery,Motor vehicle parts,114.64,2.6,1993,904,0.11,722,07-09-2023
897,Car Battery,Motor vehicle parts,434.45,4.5,4354,323,0.12,1191,17-12-2023
898,Oil Filter,Motor vehicle parts,185.74,2.1,4568,295,0.05,813,12-07-2023
899,Brake Pads,Motor vehicle parts,186.24,3.7,1767,240,0.03,769,05-10-2023
900,Brake Pads,Motor vehicle parts,210.5,2.3,4266,473,0.22,1130,23-07-2023
901,Spark Plugs,Motor vehicle parts,409.89,4.9,3686,550,0.03,1848,12-12-2023
902,Brake Pads,Motor vehicle parts,308.74,4.7,3957,335,0.28,1570,25-09-2023
903,Car Battery,Motor vehicle parts,173.55,3.3,2886,116,0.28,1897,15-02-2024
904,Oil Filter,Motor vehicle parts,227.87,1.1,4934,65,0.46,446,21-05-2024
905,Brake Pads,Motor vehicle parts,35.83,2.8,2758,550,0.46,394,20-07-2023
906,Brake Pads,Motor vehicle parts,159.02,3.5,1189,641,0.45,1875,13-03-2024
907,Spark Plugs,Motor vehicle parts,325.51,4.3,3748,48,0.32,1813,17-02-2024
908,Spark Plugs,Motor vehicle parts,133.39,4.3,1397,372,0.43,1778,26-07-2023
909,Oil Filter,Motor vehicle parts,139.91,2.7,81,86,0.08,821,18-06-2023
910,Spark Plugs,Motor vehicle parts,249.39,3.1,1932,680,0.13,1860,10-03-2024
911,Brake Pads,Motor vehicle parts,73.25,4,3933,313,0.31,1945,03-02-2024
912,Spark Plugs,Motor vehicle parts,76.47,2,2597,452,0.47,737,18-04-2024
913,Spark Plugs,Motor vehicle parts,232.42,3,1928,575,0.14,636,14-12-2023
914,Spark Plugs,Motor vehicle parts,498.86,2.1,4124,371,0.33,1893,20-11-2023
915,Spark Plugs,Motor vehicle parts,119.27,2.6,1125,45,0.01,1187,20-02-2024
916,Oil Filter,Motor vehicle parts,440.87,3.1,3362,670,0.13,896,03-09-2023
917,Spark Plugs,Motor vehicle parts,225.17,1.2,1074,897,0.41,491,02-04-2024
918,Brake Pads,Motor vehicle parts,219.18,2.9,4284,414,0.32,1099,29-12-2023
919,Oil Filter,Motor vehicle parts,466.42,2.4,3055,688,0.49,1412,05-11-2023
920,Brake Pads,Motor vehicle parts,377.28,3.8,2302,235,0.03,1284,30-09-2023
921,Charger,Mobile phone accessories,331.2,1.2,258,947,0.36,524,15-11-2023
922,Charger,Mobile phone accessories,252.05,4.5,2202,677,0.25,1853,18-06-2023
923,Screen Protector,Mobile phone accessories,469.45,2.4,4724,198,0.1,532,23-11-2023
924,Charger,Mobile phone accessories,319.21,1.1,4343,787,0.26,1325,10-05-2024
925,Screen Protector,Mobile phone accessories,177.77,3.2,3342,605,0.38,1820,22-03-2024
926,Earbuds,Mobile phone accessories,102.23,1.7,838,406,0.2,1116,10-07-2023
927,Screen Protector,Mobile phone accessories,34.01,3.3,4468,224,0.27,1272,11-03-2024
928,Earbuds,Mobile phone accessories,483.61,2.8,1840,938,0.42,839,08-11-2023
929,Phone Case,Mobile phone accessories,340.86,1.8,4771,872,0.06,1837,24-07-2023
930,Phone Case,Mobile phone accessories,382.03,3.5,3497,947,0.17,1148,04-04-2024
931,Screen Protector,Mobile phone accessories,293.59,3.5,1601,825,0.35,1622,08-06-2024
932,Earbuds,Mobile phone accessories,339.69,3,4631,367,0.15,1984,14-11-2023
933,Charger,Mobile phone accessories,479.41,1.1,3549,104,0.08,45,04-08-2023
934,Charger,Mobile phone accessories,116.69,3.5,1836,921,0.24,535,06-05-2024
935,Earbuds,Mobile phone accessories,255.3,4.6,2063,570,0.32,1973,16-11-2023
936,Earbuds,Mobile phone accessories,291.23,2.4,2752,846,0.25,1603,16-08-2023
937,Phone Case,Mobile phone accessories,208.68,4.9,1505,102,0.45,177,08-11-2023
938,Charger,Mobile phone accessories,133.64,4.7,2096,537,0.1,175,23-03-2024
939,Screen Protector,Mobile phone accessories,454.42,1.7,1667,275,0.23,675,27-08-2023
940,Earbuds,Mobile phone accessories,265.23,2.9,546,111,0.41,35,06-11-2023
941,Earbuds,Mobile phone accessories,217.24,4.2,4402,533,0.23,1132,19-06-2023
942,Phone Case,Mobile phone accessories,277.04,1.3,2739,180,0.08,1487,24-12-2023
943,Screen Protector,Mobile phone accessories,273.27,3.7,2431,811,0.31,38,30-08-2023
944,Screen Protector,Mobile phone accessories,94.38,2.7,4766,242,0.42,1997,22-04-2024
945,Phone Case,Mobile phone accessories,99.88,1,4025,870,0.07,946,08-06-2024
946,Charger,Mobile phone accessories,119.57,4.4,3665,655,0.22,540,14-09-2023
947,Charger,Mobile phone accessories,48.37,3.3,505,105,0.22,1194,09-07-2023
948,Phone Case,Mobile phone accessories,438.62,3.9,4067,99,0.44,1597,08-12-2023
949,Phone Case,Mobile phone accessories,320.26,3.9,4727,681,0.01,1884,24-09-2023
950,Screen Protector,Mobile phone accessories,234.29,1.4,3302,719,0.47,1922,17-02-2024
951,Screen Protector,Mobile phone accessories,95.24,1.2,4969,721,0.46,1555,13-04-2024
952,Earbuds,Mobile phone accessories,499.68,1.8,886,461,0.34,1075,22-08-2023
953,Earbuds,Mobile phone accessories,256.41,4.2,926,556,0.48,1055,26-08-2023
954,Screen Protector,Mobile phone accessories,265.65,1.9,1052,642,0.1,252,29-08-2023
955,Phone Case,Mobile phone accessories,177.69,4.9,4525,579,0.21,1164,23-10-2023
956,Earbuds,Mobile phone accessories,77.49,1.2,1468,757,0.03,575,10-05-2024
957,Earbuds,Mobile phone accessories,395.39,2,1645,580,0.22,811,16-07-2023
958,Earbuds,Mobile phone accessories,492.03,2.4,3142,766,0.18,1590,23-07-2023
959,Phone Case,Mobile phone accessories,26.86,3.5,810,187,0.3,809,19-11-2023
960,Phone Case,Mobile phone accessories,360.33,2,2705,596,0.31,947,25-04-2024
961,Throw Blanket,Blankets,438.03,1.9,3697,490,0.37,891,11-05-2024
962,Throw Blanket,Blankets,442.17,4.8,4376,274,0.2,718,18-07-2023
963,Electric Blanket,Blankets,14.22,1.1,2073,26,0.23,1919,23-12-2023
964,Fleece Blanket,Blankets,217.12,3.9,4324,978,0.13,527,05-09-2023
965,Electric Blanket,Blankets,298.33,1.8,2153,731,0.03,1712,02-09-2023
966,Fleece Blanket,Blankets,136.57,4.5,2720,618,0.22,1770,23-05-2024
967,Weighted Blanket,Blankets,37.31,4.6,3788,550,0.25,1711,13-10-2023
968,Weighted Blanket,Blankets,152.59,4.5,677,105,0.36,1946,30-03-2024
969,Throw Blanket,Blankets,104.23,2.9,3257,69,0.42,1269,22-09-2023
970,Weighted Blanket,Blankets,271.2,3.5,1301,562,0.06,454,27-02-2024
971,Weighted Blanket,Blankets,465.67,2.8,1417,500,0.15,1544,23-03-2024
972,Throw Blanket,Blankets,209.1,4.7,1209,33,0.06,130,11-02-2024
973,Electric Blanket,Blankets,336.54,2.1,2544,402,0.05,614,17-07-2023
974,Throw Blanket,Blankets,481.48,4.9,120,605,0.24,128,11-03-2024
975,Throw Blanket,Blankets,311.1,4.6,332,296,0.17,1196,15-11-2023
976,Throw Blanket,Blankets,118.14,3.1,4234,502,0.4,28,19-01-2024
977,Throw Blanket,Blankets,111.33,4.7,1865,944,0.48,63,11-10-2023
978,Weighted Blanket,Blankets,141.74,5,1906,231,0.07,1218,12-07-2023
979,Throw Blanket,Blankets,311.98,1.2,3985,392,0.31,1172,05-10-2023
980,Fleece Blanket,Blankets,206.17,4.8,4293,555,0.24,1452,24-05-2024
981,Electric Blanket,Blankets,347.7,2.4,4994,75,0.41,961,06-10-2023
982,Weighted Blanket,Blankets,404.51,4.4,392,84,0.48,610,29-06-2023
983,Fleece Blanket,Blankets,194.73,4.9,3677,173,0.01,219,10-05-2024
984,Electric Blanket,Blankets,80.1,1.1,616,538,0.47,870,01-03-2024
985,Fleece Blanket,Blankets,177.42,4.8,340,860,0.36,1340,03-05-2024
986,Throw Blanket,Blankets,345.37,3,2975,25,0.24,1346,29-10-2023
987,Fleece Blanket,Blankets,94.47,4.5,3979,559,0.08,370,24-08-2023
988,Throw Blanket,Blankets,383.64,3.3,1228,696,0.4,386,06-08-2023
989,Throw Blanket,Blankets,255.92,2.8,1781,160,0.07,1969,11-11-2023
990,Throw Blanket,Blankets,409.36,2,550,600,0.05,991,30-09-2023
991,Throw Blanket,Blankets,48.75,2.8,2737,588,0.48,991,26-05-2024
992,Throw Blanket,Blankets,57.35,2.1,4264,329,0.44,1328,16-01-2024
993,Electric Blanket,Blankets,214.76,1.2,527,226,0.08,1564,11-01-2024
994,Fleece Blanket,Blankets,61.84,3,1176,788,0.47,56,07-12-2023
995,Weighted Blanket,Blankets,269.34,3.3,2513,662,0.17,800,23-10-2023
996,Throw Blanket,Blankets,207.72,2.3,1973,16,0.46,325,11-02-2024
997,Fleece Blanket,Blankets,268.6,3.2,841,201,0.39,1546,29-06-2023
998,Throw Blanket,Blankets,92.74,2.8,3454,880,0.02,1295,27-10-2023
999,Weighted Blanket,Blankets,152.28,1.3,2850,752,0.34,1962,26-10-2023
1000,Throw Blanket,Blankets,136.53,2,4055,282,0.38,1089,25-01-2024
